episode,env_step,episode_len,return_mean,return_sum,return_gini,iml_truth,iml_detected,iml_sanctions,iml_false_pos,iml_overturned,time_seconds,time_limit
0,2000,2000,-2467.8,-12339.0,0.41704222685097525,0,0,0,0,0,11.9546639919281,True
1,4000,2000,-1149.2,-5746.0,0.3993680884676145,0,0,0,0,0,25.558609008789062,True
2,6000,2000,-904.4,-4522.0,0.26321381142098277,0,0,0,0,0,39.187824010849,True
3,8000,2000,-387.8,-1939.0,0.3526261585993822,0,0,0,0,0,52.739234924316406,True
4,10000,2000,-366.2,-1831.0,0.2279342723004696,0,0,0,0,0,66.31499218940735,True
5,12000,2000,-260.6,-1303.0,0.39357429718875503,0,0,0,0,0,78.57702088356018,True
6,14000,2000,-47.8,-239.0,0.505179282868526,0,0,0,0,0,91.88972496986389,True
7,16000,2000,-8.6,-43.0,0.22857142857142865,0,0,0,0,0,105.45294308662415,True
8,18000,2000,1.0,5.0,0.32000000000000006,0,0,0,0,0,118.985276222229,True
9,20000,2000,2.2,11.0,0.5454545454545454,0,0,0,0,0,132.56891012191772,True
10,22000,2000,1.2,6.0,0.6000000000000001,0,0,0,0,0,144.7150158882141,True
11,24000,2000,0.2,1.0,0.40000000000000013,0,0,0,0,0,158.0580768585205,True
12,26000,2000,0.0,0.0,0.32000000000000006,0,0,0,0,0,171.49465703964233,True
13,28000,2000,0.0,0.0,0.0,0,0,0,0,0,185.09093809127808,True
14,30000,2000,-8.4,-42.0,0.20725388601036276,0,0,0,0,0,198.77126598358154,True
15,32000,2000,2.0,10.0,0.28,0,0,0,0,0,211.10338878631592,True
16,34000,2000,2.2,11.0,0.21818181818181825,0,0,0,0,0,225.56771993637085,True
17,36000,2000,1.0,5.0,0.56,0,0,0,0,0,240.5629379749298,True
18,38000,2000,0.8,4.0,0.5,0,0,0,0,0,255.4559941291809,True
19,40000,2000,-8.6,-43.0,0.21188118811881185,0,0,0,0,0,270.46340799331665,True
20,42000,2000,-9.8,-49.0,0.21165048543689324,0,0,0,0,0,285.5058732032776,True
21,44000,2000,0.2,1.0,0.8,0,0,0,0,0,298.8473961353302,True
22,46000,2000,0.4,2.0,0.6000000000000001,0,0,0,0,0,313.6480939388275,True
23,48000,2000,-40.8,-204.0,0.3405405405405406,0,0,0,0,0,328.38353085517883,True
24,50000,2000,-9.6,-48.0,0.20990099009900987,0,0,0,0,0,342.8319821357727,True
25,52000,2000,-20.0,-100.0,0.3973333333333333,0,0,0,0,0,357.4917187690735,True
26,54000,2000,0.2,1.0,0.8,0,0,0,0,0,370.66401290893555,True
27,56000,2000,0.6,3.0,0.40000000000000013,0,0,0,0,0,385.11744689941406,True
28,58000,2000,0.0,0.0,0.0,0,0,0,0,0,399.5331618785858,True
29,60000,2000,0.2,1.0,0.8,0,0,0,0,0,413.96303510665894,True
30,62000,2000,-0.2,-1.0,0.19999999999999996,0,0,0,0,0,428.42013907432556,True
31,64000,2000,0.0,0.0,0.0,0,0,0,0,0,441.6354329586029,True
32,66000,2000,0.0,0.0,0.0,0,0,0,0,0,455.9616370201111,True
33,68000,2000,0.0,0.0,0.0,0,0,0,0,0,470.3305621147156,True
34,70000,2000,0.0,0.0,0.0,0,0,0,0,0,484.63147377967834,True
35,72000,2000,-0.2,-1.0,0.19999999999999996,0,0,0,0,0,499.04935908317566,True
36,74000,2000,0.0,0.0,0.0,0,0,0,0,0,513.6130139827728,True
37,76000,2000,0.0,0.0,0.0,0,0,0,0,0,526.5731780529022,True
38,78000,2000,0.0,0.0,0.0,0,0,0,0,0,541.0666811466217,True
39,80000,2000,0.0,0.0,0.0,0,0,0,0,0,555.3879218101501,True
40,82000,2000,0.0,0.0,0.0,0,0,0,0,0,569.9290890693665,True
41,84000,2000,0.0,0.0,0.0,0,0,0,0,0,584.157145023346,True
42,86000,2000,0.0,0.0,0.0,0,0,0,0,0,597.4591679573059,True
43,88000,2000,0.0,0.0,0.0,0,0,0,0,0,612.0944559574127,True
44,90000,2000,0.0,0.0,0.0,0,0,0,0,0,626.5773138999939,True
45,92000,2000,0.0,0.0,0.0,0,0,0,0,0,641.1203398704529,True
46,94000,2000,0.0,0.0,0.0,0,0,0,0,0,655.7985429763794,True
47,96000,2000,0.0,0.0,0.0,0,0,0,0,0,669.0479888916016,True
48,98000,2000,0.0,0.0,0.0,0,0,0,0,0,683.4718310832977,True
49,100000,2000,0.0,0.0,0.0,0,0,0,0,0,697.7903678417206,True
50,102000,2000,0.0,0.0,0.0,0,0,0,0,0,711.932767868042,True
51,104000,2000,0.0,0.0,0.0,0,0,0,0,0,726.1269290447235,True
52,106000,2000,-0.2,-1.0,0.19999999999999996,0,0,0,0,0,740.6172788143158,True
53,108000,2000,0.0,0.0,0.0,0,0,0,0,0,753.5769221782684,True
54,110000,2000,0.0,0.0,0.0,0,0,0,0,0,767.260528087616,True
55,112000,2000,0.0,0.0,0.0,0,0,0,0,0,780.8489949703217,True
56,114000,2000,0.0,0.0,0.0,0,0,0,0,0,794.2739078998566,True
57,116000,2000,0.0,0.0,0.0,0,0,0,0,0,807.7308268547058,True
58,118000,2000,0.0,0.0,0.0,0,0,0,0,0,820.0205099582672,True
59,120000,2000,0.0,0.0,0.0,0,0,0,0,0,833.4288921356201,True
60,122000,2000,0.2,1.0,0.8,0,0,0,0,0,846.8364679813385,True
61,124000,2000,0.2,1.0,0.3333333333333335,0,0,0,0,0,860.5861239433289,True
62,126000,2000,0.8,4.0,0.8,0,0,0,0,0,874.4012877941132,True
63,128000,2000,1.4,7.0,0.2857142857142858,0,0,0,0,0,887.355232000351,True
64,130000,2000,1.2,6.0,0.3272727272727274,0,0,0,0,0,901.5874900817871,True
65,132000,2000,0.2,1.0,0.8,0,0,0,0,0,915.6913299560547,True
66,134000,2000,0.0,0.0,0.32000000000000006,0,0,0,0,0,929.1531050205231,True
67,136000,2000,1.0,5.0,0.56,0,0,0,0,0,944.0859251022339,True
68,138000,2000,0.0,0.0,0.0,0,0,0,0,0,957.7767400741577,True
69,140000,2000,0.0,0.0,0.0,0,0,0,0,0,970.2271859645844,True
70,142000,2000,0.0,0.0,0.0,0,0,0,0,0,985.05943608284,True
71,144000,2000,0.0,0.0,0.0,0,0,0,0,0,999.9284310340881,True
72,146000,2000,0.0,0.0,0.0,0,0,0,0,0,1013.7312140464783,True
73,148000,2000,0.0,0.0,0.0,0,0,0,0,0,1027.784873008728,True
74,150000,2000,0.8,4.0,0.7,0,0,0,0,0,1040.062507867813,True
75,152000,2000,0.2,1.0,0.8,0,0,0,0,0,1053.7713420391083,True
76,154000,2000,3.0,15.0,0.32000000000000006,0,0,0,0,0,1067.0952780246735,True
77,156000,2000,1.4,7.0,0.4571428571428573,0,0,0,0,0,1080.6797218322754,True
78,158000,2000,0.0,0.0,0.0,0,0,0,0,0,1094.3259918689728,True
79,160000,2000,0.4,2.0,0.40000000000000013,0,0,0,0,0,1106.5549471378326,True
80,162000,2000,0.6,3.0,0.6666666666666667,0,0,0,0,0,1120.0066039562225,True
81,164000,2000,0.4,2.0,0.6000000000000001,0,0,0,0,0,1133.7067980766296,True
82,166000,2000,0.0,0.0,0.0,0,0,0,0,0,1147.1917638778687,True
83,168000,2000,0.0,0.0,0.0,0,0,0,0,0,1160.6482429504395,True
84,170000,2000,0.0,0.0,0.0,0,0,0,0,0,1174.6520900726318,True
85,172000,2000,0.0,0.0,0.0,0,0,0,0,0,1187.2154250144958,True
86,174000,2000,0.0,0.0,0.0,0,0,0,0,0,1200.970354795456,True
87,176000,2000,0.0,0.0,0.0,0,0,0,0,0,1214.1609678268433,True
88,178000,2000,0.0,0.0,0.0,0,0,0,0,0,1227.6837480068207,True
89,180000,2000,0.0,0.0,0.0,0,0,0,0,0,1241.1442081928253,True
90,182000,2000,-10.2,-51.0,0.20301507537688446,0,0,0,0,0,1253.0068619251251,True
91,184000,2000,0.0,0.0,0.0,0,0,0,0,0,1266.3393290042877,True
92,186000,2000,0.0,0.0,0.0,0,0,0,0,0,1279.5394659042358,True
93,188000,2000,0.0,0.0,0.0,0,0,0,0,0,1292.7017300128937,True
94,190000,2000,0.0,0.0,0.0,0,0,0,0,0,1305.9482610225677,True
95,192000,2000,0.0,0.0,0.0,0,0,0,0,0,1317.9384679794312,True
96,194000,2000,0.0,0.0,0.0,0,0,0,0,0,1330.9141418933868,True
97,196000,2000,0.0,0.0,0.0,0,0,0,0,0,1344.216115951538,True
98,198000,2000,0.0,0.0,0.0,0,0,0,0,0,1357.6609661579132,True
99,200000,2000,0.0,0.0,0.0,0,0,0,0,0,1371.2404639720917,True
100,202000,2000,0.0,0.0,0.0,0,0,0,0,0,1384.7306427955627,True
101,204000,2000,0.0,0.0,0.0,0,0,0,0,0,1397.0810720920563,True
102,206000,2000,0.0,0.0,0.0,0,0,0,0,0,1410.6351659297943,True
103,208000,2000,0.0,0.0,0.0,0,0,0,0,0,1424.171194076538,True
104,210000,2000,0.0,0.0,0.0,0,0,0,0,0,1437.6139659881592,True
105,212000,2000,0.0,0.0,0.0,0,0,0,0,0,1450.8434019088745,True
106,214000,2000,0.0,0.0,0.0,0,0,0,0,0,1463.3596580028534,True
107,216000,2000,0.0,0.0,0.0,0,0,0,0,0,1476.7865478992462,True
108,218000,2000,0.0,0.0,0.0,0,0,0,0,0,1490.0061910152435,True
109,220000,2000,0.0,0.0,0.0,0,0,0,0,0,1503.4749450683594,True
110,222000,2000,0.0,0.0,0.0,0,0,0,0,0,1517.2804877758026,True
111,224000,2000,0.0,0.0,0.0,0,0,0,0,0,1530.0339050292969,True
112,226000,2000,0.0,0.0,0.0,0,0,0,0,0,1544.1439599990845,True
113,228000,2000,0.0,0.0,0.0,0,0,0,0,0,1558.1886360645294,True
114,230000,2000,0.0,0.0,0.0,0,0,0,0,0,1572.1472239494324,True
115,232000,2000,0.0,0.0,0.0,0,0,0,0,0,1585.7046031951904,True
116,234000,2000,-10.2,-51.0,0.20301507537688446,0,0,0,0,0,1599.2645611763,True
117,236000,2000,-20.4,-102.0,0.3973856209150328,0,0,0,0,0,1611.6285429000854,True
118,238000,2000,-0.4,-2.0,0.40000000000000013,0,0,0,0,0,1624.9368529319763,True
119,240000,2000,0.0,0.0,0.0,0,0,0,0,0,1637.9833569526672,True
120,242000,2000,0.0,0.0,0.0,0,0,0,0,0,1651.152811050415,True
121,244000,2000,0.0,0.0,0.0,0,0,0,0,0,1664.3354098796844,True
122,246000,2000,0.0,0.0,0.0,0,0,0,0,0,1676.441987991333,True
123,248000,2000,0.0,0.0,0.0,0,0,0,0,0,1689.6923809051514,True
124,250000,2000,0.0,0.0,0.0,0,0,0,0,0,1702.8062410354614,True
125,252000,2000,0.0,0.0,0.0,0,0,0,0,0,1716.1060600280762,True
126,254000,2000,0.0,0.0,0.0,0,0,0,0,0,1729.6710529327393,True
127,256000,2000,0.0,0.0,0.0,0,0,0,0,0,1741.6528689861298,True
128,258000,2000,0.0,0.0,0.0,0,0,0,0,0,1755.1812839508057,True
129,260000,2000,0.0,0.0,0.0,0,0,0,0,0,1768.6256251335144,True
130,262000,2000,0.0,0.0,0.0,0,0,0,0,0,1782.047968864441,True
131,264000,2000,0.0,0.0,0.0,0,0,0,0,0,1795.328561782837,True
132,266000,2000,0.0,0.0,0.0,0,0,0,0,0,1808.5895748138428,True
133,268000,2000,0.0,0.0,0.0,0,0,0,0,0,1820.3159840106964,True
134,270000,2000,0.0,0.0,0.0,0,0,0,0,0,1833.5059177875519,True
135,272000,2000,0.0,0.0,0.0,0,0,0,0,0,1846.7109680175781,True
136,274000,2000,0.0,0.0,0.0,0,0,0,0,0,1859.9477801322937,True
137,276000,2000,0.0,0.0,0.0,0,0,0,0,0,1873.0995891094208,True
138,278000,2000,0.0,0.0,0.0,0,0,0,0,0,1885.0848989486694,True
139,280000,2000,0.0,0.0,0.0,0,0,0,0,0,1898.3345441818237,True
140,282000,2000,0.0,0.0,0.0,0,0,0,0,0,1911.5310969352722,True
141,284000,2000,0.0,0.0,0.0,0,0,0,0,0,1924.6647698879242,True
142,286000,2000,0.0,0.0,0.0,0,0,0,0,0,1937.9119758605957,True
143,288000,2000,0.0,0.0,0.0,0,0,0,0,0,1949.9272592067719,True
144,290000,2000,0.0,0.0,0.0,0,0,0,0,0,1963.104022026062,True
145,292000,2000,0.2,1.0,0.8,0,0,0,0,0,1976.4655270576477,True
146,294000,2000,0.0,0.0,0.0,0,0,0,0,0,1989.8089859485626,True
147,296000,2000,0.0,0.0,0.0,0,0,0,0,0,2003.0193519592285,True
148,298000,2000,-10.4,-52.0,0.2029556650246307,0,0,0,0,0,2016.1873860359192,True
149,300000,2000,0.0,0.0,0.0,0,0,0,0,0,2028.2568039894104,True
150,302000,2000,0.0,0.0,0.0,0,0,0,0,0,2041.5821239948273,True
151,304000,2000,0.0,0.0,0.0,0,0,0,0,0,2054.9469130039215,True
152,306000,2000,0.0,0.0,0.0,0,0,0,0,0,2068.3439321517944,True
153,308000,2000,0.0,0.0,0.0,0,0,0,0,0,2081.716887950897,True
154,310000,2000,0.0,0.0,0.0,0,0,0,0,0,2093.684816122055,True
155,312000,2000,0.0,0.0,0.0,0,0,0,0,0,2106.760113954544,True
156,314000,2000,-0.2,-1.0,0.19999999999999996,0,0,0,0,0,2120.0105180740356,True
157,316000,2000,0.0,0.0,0.0,0,0,0,0,0,2133.142425060272,True
158,318000,2000,0.0,0.0,0.0,0,0,0,0,0,2146.4285299777985,True
159,320000,2000,0.0,0.0,0.0,0,0,0,0,0,2158.385796070099,True
160,322000,2000,0.0,0.0,0.0,0,0,0,0,0,2171.670385837555,True
161,324000,2000,0.0,0.0,0.0,0,0,0,0,0,2184.695636987686,True
162,326000,2000,0.0,0.0,0.0,0,0,0,0,0,2198.197023868561,True
163,328000,2000,0.0,0.0,0.0,0,0,0,0,0,2211.9111800193787,True
164,330000,2000,0.0,0.0,0.0,0,0,0,0,0,2225.8161590099335,True
165,332000,2000,0.0,0.0,0.0,0,0,0,0,0,2238.6234889030457,True
166,334000,2000,0.0,0.0,0.0,0,0,0,0,0,2252.937296152115,True
167,336000,2000,0.0,0.0,0.0,0,0,0,0,0,2266.884206056595,True
168,338000,2000,0.0,0.0,0.0,0,0,0,0,0,2280.982836008072,True
169,340000,2000,0.0,0.0,0.0,0,0,0,0,0,2295.2548139095306,True
170,342000,2000,-30.2,-151.0,0.5807692307692307,0,0,0,0,0,2308.117733001709,True
171,344000,2000,-30.8,-154.0,0.5811320754716982,0,0,0,0,0,2322.243875026703,True
172,346000,2000,0.0,0.0,0.0,0,0,0,0,0,2336.3611330986023,True
173,348000,2000,0.2,1.0,0.8,0,0,0,0,0,2350.359272956848,True
174,350000,2000,0.0,0.0,0.0,0,0,0,0,0,2364.3113219738007,True
175,352000,2000,0.2,1.0,0.8,0,0,0,0,0,2376.995540857315,True
176,354000,2000,0.0,0.0,0.0,0,0,0,0,0,2390.925308227539,True
177,356000,2000,-0.4,-2.0,0.40000000000000013,0,0,0,0,0,2404.894854068756,True
178,358000,2000,0.0,0.0,0.0,0,0,0,0,0,2418.5546748638153,True
179,360000,2000,0.4,2.0,0.6000000000000001,0,0,0,0,0,2432.263381958008,True
180,362000,2000,0.0,0.0,0.0,0,0,0,0,0,2445.957245826721,True
181,364000,2000,0.0,0.0,0.0,0,0,0,0,0,2458.2117240428925,True
182,366000,2000,-31.4,-157.0,0.2855524079320113,0,0,0,0,0,2471.7878410816193,True
183,368000,2000,-10.2,-51.0,0.20301507537688446,0,0,0,0,0,2485.213977098465,True
184,370000,2000,0.2,1.0,0.8,0,0,0,0,0,2498.705752134323,True
185,372000,2000,-0.2,-1.0,0.19999999999999996,0,0,0,0,0,2512.0863111019135,True
186,374000,2000,0.0,0.0,0.0,0,0,0,0,0,2524.294641971588,True
187,376000,2000,0.0,0.0,0.0,0,0,0,0,0,2537.720274925232,True
188,378000,2000,0.0,0.0,0.0,0,0,0,0,0,2551.0932700634003,True
189,380000,2000,0.0,0.0,0.0,0,0,0,0,0,2564.484822034836,True
190,382000,2000,0.0,0.0,0.0,0,0,0,0,0,2577.8438200950623,True
191,384000,2000,0.0,0.0,0.0,0,0,0,0,0,2589.9542891979218,True
192,386000,2000,0.0,0.0,0.0,0,0,0,0,0,2603.345417022705,True
193,388000,2000,0.0,0.0,0.0,0,0,0,0,0,2616.6996970176697,True
194,390000,2000,0.0,0.0,0.0,0,0,0,0,0,2629.9781630039215,True
195,392000,2000,-10.2,-51.0,0.20301507537688446,0,0,0,0,0,2643.156840801239,True
196,394000,2000,-0.2,-1.0,0.19999999999999996,0,0,0,0,0,2656.505166053772,True
197,396000,2000,0.0,0.0,0.0,0,0,0,0,0,2668.501680135727,True
198,398000,2000,0.0,0.0,0.0,0,0,0,0,0,2681.866147041321,True
199,400000,2000,-70.6,-353.0,0.6631578947368422,0,0,0,0,0,2695.239063978195,True
200,402000,2000,-10.0,-50.0,0.20599999999999996,0,0,0,0,0,2708.639559984207,True
201,404000,2000,-40.6,-203.0,0.3353535353535353,0,0,0,0,0,2721.998831987381,True
202,406000,2000,-30.6,-153.0,0.6061855670103093,0,0,0,0,0,2734.225404024124,True
203,408000,2000,-81.0,-405.0,0.40231884057971024,0,0,0,0,0,2747.6607999801636,True
204,410000,2000,-30.8,-154.0,0.5849056603773586,0,0,0,0,0,2760.994441986084,True
205,412000,2000,-30.8,-154.0,0.5698113207547171,0,0,0,0,0,2774.309355020523,True
206,414000,2000,-20.4,-102.0,0.3973856209150328,0,0,0,0,0,2787.738774061203,True
207,416000,2000,-1.0,-5.0,0.48,0,0,0,0,0,2799.967111825943,True
208,418000,2000,-30.4,-152.0,0.5864077669902914,0,0,0,0,0,2813.316836118698,True
209,420000,2000,0.4,2.0,0.8,0,0,0,0,0,2826.529331922531,True
210,422000,2000,-0.2,-1.0,0.19999999999999996,0,0,0,0,0,2839.8269848823547,True
211,424000,2000,0.0,0.0,0.0,0,0,0,0,0,2853.0375430583954,True
212,426000,2000,0.0,0.0,0.0,0,0,0,0,0,2866.1643261909485,True
213,428000,2000,0.4,2.0,0.8,0,0,0,0,0,2878.208503007889,True
214,430000,2000,0.0,0.0,0.0,0,0,0,0,0,2891.558334827423,True
215,432000,2000,0.0,0.0,0.0,0,0,0,0,0,2904.9174649715424,True
216,434000,2000,0.0,0.0,0.0,0,0,0,0,0,2918.2472088336945,True
217,436000,2000,0.4,2.0,0.2857142857142858,0,0,0,0,0,2931.5103690624237,True
218,438000,2000,0.6,3.0,0.6666666666666667,0,0,0,0,0,2943.4911680221558,True
219,440000,2000,0.4,2.0,0.40000000000000013,0,0,0,0,0,2956.870153903961,True
220,442000,2000,0.2,1.0,0.8,0,0,0,0,0,2970.5776398181915,True
221,444000,2000,1.6,8.0,0.40000000000000013,0,0,0,0,0,2984.290769100189,True
222,446000,2000,0.0,0.0,0.0,0,0,0,0,0,2997.5930948257446,True
223,448000,2000,-9.0,-45.0,0.21268292682926826,0,0,0,0,0,3009.7591240406036,True
224,450000,2000,-10.2,-51.0,0.20301507537688446,0,0,0,0,0,3023.0087530612946,True
225,452000,2000,-20.2,-101.0,0.3973154362416107,0,0,0,0,0,3036.5050098896027,True
226,454000,2000,0.2,1.0,0.8,0,0,0,0,0,3050.1374368667603,True
227,456000,2000,0.6,3.0,0.6666666666666667,0,0,0,0,0,3063.5746109485626,True
228,458000,2000,1.2,6.0,0.1333333333333333,0,0,0,0,0,3077.1713960170746,True
229,460000,2000,-10.2,-51.0,0.20301507537688446,0,0,0,0,0,3089.5396449565887,True
230,462000,2000,0.0,0.0,0.0,0,0,0,0,0,3103.2302148342133,True
231,464000,2000,-20.0,-100.0,0.4053333333333333,0,0,0,0,0,3116.7088871002197,True
232,466000,2000,0.0,0.0,0.0,0,0,0,0,0,3130.3988740444183,True
233,468000,2000,0.4,2.0,0.8,0,0,0,0,0,3144.1972761154175,True
234,470000,2000,0.0,0.0,0.0,0,0,0,0,0,3156.49671792984,True
235,472000,2000,-0.2,-1.0,0.19999999999999996,0,0,0,0,0,3170.004115819931,True
236,474000,2000,0.0,0.0,0.0,0,0,0,0,0,3183.7087428569794,True
237,476000,2000,0.0,0.0,0.0,0,0,0,0,0,3197.298367023468,True
238,478000,2000,0.0,0.0,0.0,0,0,0,0,0,3210.930423974991,True
239,480000,2000,0.0,0.0,0.0,0,0,0,0,0,3223.3662440776825,True
240,482000,2000,0.0,0.0,0.0,0,0,0,0,0,3237.112105846405,True
241,484000,2000,0.0,0.0,0.0,0,0,0,0,0,3250.8175961971283,True
242,486000,2000,0.0,0.0,0.0,0,0,0,0,0,3264.5106790065765,True
243,488000,2000,0.0,0.0,0.0,0,0,0,0,0,3278.252382993698,True
244,490000,2000,0.0,0.0,0.0,0,0,0,0,0,3291.8017342090607,True
245,492000,2000,0.0,0.0,0.0,0,0,0,0,0,3304.1255509853363,True
246,494000,2000,0.0,0.0,0.0,0,0,0,0,0,3317.7978649139404,True
247,496000,2000,0.0,0.0,0.0,0,0,0,0,0,3331.513265132904,True
248,498000,2000,-31.0,-155.0,0.5840000000000001,0,0,0,0,0,3345.196208000183,True
249,500000,2000,-10.2,-51.0,0.20301507537688446,0,0,0,0,0,3358.9056968688965,True
250,502000,2000,-0.2,-1.0,0.19999999999999996,0,0,0,0,0,3371.2694828510284,True
251,504000,2000,0.0,0.0,0.0,0,0,0,0,0,3384.898092985153,True
252,506000,2000,0.0,0.0,0.0,0,0,0,0,0,3398.6097099781036,True
253,508000,2000,0.0,0.0,0.0,0,0,0,0,0,3412.2275471687317,True
254,510000,2000,0.0,0.0,0.0,0,0,0,0,0,3425.73419213295,True
255,512000,2000,0.0,0.0,0.0,0,0,0,0,0,3438.2146649360657,True
256,514000,2000,0.0,0.0,0.0,0,0,0,0,0,3452.1124851703644,True
257,516000,2000,0.0,0.0,0.0,0,0,0,0,0,3465.9968078136444,True
258,518000,2000,0.0,0.0,0.0,0,0,0,0,0,3479.784231185913,True
259,520000,2000,0.0,0.0,0.0,0,0,0,0,0,3493.1908609867096,True
260,522000,2000,0.0,0.0,0.0,0,0,0,0,0,3506.4718499183655,True
261,524000,2000,0.0,0.0,0.0,0,0,0,0,0,3518.6851909160614,True
262,526000,2000,0.0,0.0,0.0,0,0,0,0,0,3532.0902462005615,True
263,528000,2000,0.0,0.0,0.0,0,0,0,0,0,3545.506686925888,True
264,530000,2000,0.0,0.0,0.0,0,0,0,0,0,3558.9822709560394,True
265,532000,2000,0.0,0.0,0.0,0,0,0,0,0,3572.2328748703003,True
266,534000,2000,0.0,0.0,0.0,0,0,0,0,0,3584.3029701709747,True
267,536000,2000,0.0,0.0,0.0,0,0,0,0,0,3597.7257311344147,True
268,538000,2000,0.0,0.0,0.0,0,0,0,0,0,3611.1359689235687,True
269,540000,2000,0.0,0.0,0.0,0,0,0,0,0,3624.506034851074,True
270,542000,2000,0.0,0.0,0.0,0,0,0,0,0,3637.918657064438,True
271,544000,2000,0.0,0.0,0.0,0,0,0,0,0,3650.2699539661407,True
272,546000,2000,0.0,0.0,0.0,0,0,0,0,0,3664.114006996155,True
273,548000,2000,0.0,0.0,0.0,0,0,0,0,0,3677.5807569026947,True
274,550000,2000,0.0,0.0,0.0,0,0,0,0,0,3690.94783782959,True
275,552000,2000,0.0,0.0,0.0,0,0,0,0,0,3704.4689610004425,True
276,554000,2000,0.0,0.0,0.0,0,0,0,0,0,3717.9444777965546,True
277,556000,2000,0.0,0.0,0.0,0,0,0,0,0,3730.192446947098,True
278,558000,2000,0.0,0.0,0.0,0,0,0,0,0,3743.732053041458,True
279,560000,2000,0.0,0.0,0.0,0,0,0,0,0,3757.2363801002502,True
280,562000,2000,0.0,0.0,0.0,0,0,0,0,0,3770.649777173996,True
281,564000,2000,0.0,0.0,0.0,0,0,0,0,0,3784.1914570331573,True
282,566000,2000,0.0,0.0,0.0,0,0,0,0,0,3796.4453728199005,True
283,568000,2000,0.0,0.0,0.0,0,0,0,0,0,3809.976224899292,True
284,570000,2000,0.0,0.0,0.0,0,0,0,0,0,3823.6114349365234,True
285,572000,2000,0.0,0.0,0.0,0,0,0,0,0,3837.271582841873,True
286,574000,2000,0.0,0.0,0.0,0,0,0,0,0,3850.8400399684906,True
287,576000,2000,0.0,0.0,0.0,0,0,0,0,0,3863.049700975418,True
288,578000,2000,0.0,0.0,0.0,0,0,0,0,0,3876.890012025833,True
289,580000,2000,0.0,0.0,0.0,0,0,0,0,0,3890.385479927063,True
290,582000,2000,0.0,0.0,0.0,0,0,0,0,0,3903.8039569854736,True
291,584000,2000,0.0,0.0,0.0,0,0,0,0,0,3917.2026040554047,True
292,586000,2000,0.0,0.0,0.0,0,0,0,0,0,3930.5206830501556,True
293,588000,2000,0.0,0.0,0.0,0,0,0,0,0,3942.621829032898,True
294,590000,2000,0.0,0.0,0.0,0,0,0,0,0,3955.9147539138794,True
295,592000,2000,0.0,0.0,0.0,0,0,0,0,0,3969.2677989006042,True
296,594000,2000,0.0,0.0,0.0,0,0,0,0,0,3982.650815010071,True
297,596000,2000,0.0,0.0,0.0,0,0,0,0,0,3995.9356458187103,True
298,598000,2000,0.0,0.0,0.0,0,0,0,0,0,4008.040232896805,True
299,600000,2000,0.0,0.0,0.0,0,0,0,0,0,4021.3978958129883,True
300,602000,2000,0.0,0.0,0.0,0,0,0,0,0,4034.713359117508,True
301,604000,2000,0.0,0.0,0.0,0,0,0,0,0,4048.117187023163,True
302,606000,2000,0.0,0.0,0.0,0,0,0,0,0,4061.5517539978027,True
303,608000,2000,0.0,0.0,0.0,0,0,0,0,0,4073.642899990082,True
304,610000,2000,0.0,0.0,0.0,0,0,0,0,0,4086.921401977539,True
305,612000,2000,0.0,0.0,0.0,0,0,0,0,0,4100.378458023071,True
306,614000,2000,0.0,0.0,0.0,0,0,0,0,0,4113.796857118607,True
307,616000,2000,0.0,0.0,0.0,0,0,0,0,0,4127.241662979126,True
308,618000,2000,0.0,0.0,0.0,0,0,0,0,0,4140.665771961212,True
309,620000,2000,0.0,0.0,0.0,0,0,0,0,0,4152.826029062271,True
310,622000,2000,0.0,0.0,0.0,0,0,0,0,0,4166.145857095718,True
311,624000,2000,0.0,0.0,0.0,0,0,0,0,0,4179.590972900391,True
312,626000,2000,0.0,0.0,0.0,0,0,0,0,0,4192.914356946945,True
313,628000,2000,0.0,0.0,0.0,0,0,0,0,0,4206.314677000046,True
314,630000,2000,0.0,0.0,0.0,0,0,0,0,0,4218.46378493309,True
315,632000,2000,0.0,0.0,0.0,0,0,0,0,0,4231.913828134537,True
316,634000,2000,0.0,0.0,0.0,0,0,0,0,0,4245.208575963974,True
317,636000,2000,0.0,0.0,0.0,0,0,0,0,0,4258.562289953232,True
318,638000,2000,0.0,0.0,0.0,0,0,0,0,0,4271.817058086395,True
319,640000,2000,0.0,0.0,0.0,0,0,0,0,0,4283.839481115341,True
320,642000,2000,0.0,0.0,0.0,0,0,0,0,0,4297.123546123505,True
321,644000,2000,0.0,0.0,0.0,0,0,0,0,0,4310.4965970516205,True
322,646000,2000,0.0,0.0,0.0,0,0,0,0,0,4323.923316955566,True
323,648000,2000,0.0,0.0,0.0,0,0,0,0,0,4337.327460050583,True
324,650000,2000,0.0,0.0,0.0,0,0,0,0,0,4350.741367101669,True
325,652000,2000,0.0,0.0,0.0,0,0,0,0,0,4362.95999789238,True
326,654000,2000,0.0,0.0,0.0,0,0,0,0,0,4376.450305938721,True
327,656000,2000,0.0,0.0,0.0,0,0,0,0,0,4389.832108974457,True
328,658000,2000,0.0,0.0,0.0,0,0,0,0,0,4403.231728076935,True
329,660000,2000,0.0,0.0,0.0,0,0,0,0,0,4416.6470079422,True
330,662000,2000,0.0,0.0,0.0,0,0,0,0,0,4428.810966968536,True
331,664000,2000,0.0,0.0,0.0,0,0,0,0,0,4442.318814992905,True
332,666000,2000,0.0,0.0,0.0,0,0,0,0,0,4455.786385059357,True
333,668000,2000,0.0,0.0,0.0,0,0,0,0,0,4469.113212108612,True
334,670000,2000,0.0,0.0,0.0,0,0,0,0,0,4482.550773859024,True
335,672000,2000,0.0,0.0,0.0,0,0,0,0,0,4494.717947006226,True
336,674000,2000,0.0,0.0,0.0,0,0,0,0,0,4508.16698384285,True
337,676000,2000,0.0,0.0,0.0,0,0,0,0,0,4521.505264997482,True
338,678000,2000,0.0,0.0,0.0,0,0,0,0,0,4535.008081197739,True
339,680000,2000,0.0,0.0,0.0,0,0,0,0,0,4548.223546028137,True
340,682000,2000,0.0,0.0,0.0,0,0,0,0,0,4561.429833889008,True
341,684000,2000,0.0,0.0,0.0,0,0,0,0,0,4573.1874051094055,True
342,686000,2000,0.0,0.0,0.0,0,0,0,0,0,4586.142415046692,True
343,688000,2000,0.0,0.0,0.0,0,0,0,0,0,4599.223216056824,True
344,690000,2000,0.0,0.0,0.0,0,0,0,0,0,4612.584848165512,True
345,692000,2000,0.0,0.0,0.0,0,0,0,0,0,4625.956796169281,True
346,694000,2000,0.0,0.0,0.0,0,0,0,0,0,4638.00449514389,True
347,696000,2000,0.0,0.0,0.0,0,0,0,0,0,4651.18714594841,True
348,698000,2000,0.0,0.0,0.0,0,0,0,0,0,4664.409698009491,True
349,700000,2000,0.0,0.0,0.0,0,0,0,0,0,4677.632225990295,True
350,702000,2000,0.0,0.0,0.0,0,0,0,0,0,4690.858050107956,True
351,704000,2000,0.0,0.0,0.0,0,0,0,0,0,4702.711958885193,True
352,706000,2000,0.0,0.0,0.0,0,0,0,0,0,4715.652895927429,True
353,708000,2000,0.0,0.0,0.0,0,0,0,0,0,4728.613236904144,True
354,710000,2000,0.0,0.0,0.0,0,0,0,0,0,4741.4741060733795,True
355,712000,2000,0.0,0.0,0.0,0,0,0,0,0,4754.510065793991,True
356,714000,2000,0.0,0.0,0.0,0,0,0,0,0,4767.657592058182,True
357,716000,2000,0.0,0.0,0.0,0,0,0,0,0,4779.84531712532,True
358,718000,2000,0.0,0.0,0.0,0,0,0,0,0,4792.841956138611,True
359,720000,2000,0.0,0.0,0.0,0,0,0,0,0,4805.911659002304,True
360,722000,2000,0.0,0.0,0.0,0,0,0,0,0,4818.980535030365,True
361,724000,2000,0.0,0.0,0.0,0,0,0,0,0,4832.137259960175,True
362,726000,2000,0.0,0.0,0.0,0,0,0,0,0,4844.045040130615,True
363,728000,2000,0.0,0.0,0.0,0,0,0,0,0,4857.061558961868,True
364,730000,2000,0.0,0.0,0.0,0,0,0,0,0,4870.210054159164,True
365,732000,2000,0.0,0.0,0.0,0,0,0,0,0,4883.3131239414215,True
366,734000,2000,0.0,0.0,0.0,0,0,0,0,0,4896.390383005142,True
367,736000,2000,0.0,0.0,0.0,0,0,0,0,0,4908.266068935394,True
368,738000,2000,0.0,0.0,0.0,0,0,0,0,0,4921.366418838501,True
369,740000,2000,0.0,0.0,0.0,0,0,0,0,0,4934.5726590156555,True
370,742000,2000,0.0,0.0,0.0,0,0,0,0,0,4947.938061952591,True
371,744000,2000,-141.4,-707.0,0.4270676691729325,0,0,0,0,0,4961.232959985733,True
372,746000,2000,-738.4,-3692.0,0.32096401452624623,0,0,0,0,0,4974.372123003006,True
373,748000,2000,-163.4,-817.0,0.4033402922755742,0,0,0,0,0,4986.452298879623,True
374,750000,2000,-222.6,-1113.0,0.36099629040805525,0,0,0,0,0,4999.840182065964,True
375,752000,2000,-61.4,-307.0,0.3505518763796911,0,0,0,0,0,5013.3184270858765,True
376,754000,2000,-71.8,-359.0,0.20299785867237685,0,0,0,0,0,5026.70481300354,True
377,756000,2000,-10.2,-51.0,0.20301507537688446,0,0,0,0,0,5040.057775020599,True
378,758000,2000,-0.2,-1.0,0.19999999999999996,0,0,0,0,0,5052.16494679451,True
379,760000,2000,-9.8,-49.0,0.20612244897959187,0,0,0,0,0,5065.38542509079,True
380,762000,2000,-9.0,-45.0,0.21128205128205124,0,0,0,0,0,5078.919537067413,True
381,764000,2000,0.0,0.0,0.0,0,0,0,0,0,5092.1775069236755,True
382,766000,2000,-9.8,-49.0,0.20732984293193724,0,0,0,0,0,5105.641425848007,True
383,768000,2000,0.0,0.0,0.0,0,0,0,0,0,5118.0317299366,True
384,770000,2000,-10.2,-51.0,0.20301507537688446,0,0,0,0,0,5131.70583486557,True
385,772000,2000,-10.0,-50.0,0.20307692307692315,0,0,0,0,0,5145.3847641944885,True
386,774000,2000,0.0,0.0,0.0,0,0,0,0,0,5158.978175878525,True
387,776000,2000,0.0,0.0,0.0,0,0,0,0,0,5172.464916944504,True
388,778000,2000,0.4,2.0,0.6000000000000001,0,0,0,0,0,5185.932314157486,True
389,780000,2000,0.0,0.0,0.32000000000000006,0,0,0,0,0,5198.0972690582275,True
390,782000,2000,-0.4,-2.0,0.19999999999999996,0,0,0,0,0,5211.127758026123,True
391,784000,2000,0.0,0.0,0.0,0,0,0,0,0,5224.1324689388275,True
392,786000,2000,0.6,3.0,0.6666666666666667,0,0,0,0,0,5237.595088005066,True
393,788000,2000,1.0,5.0,0.48,0,0,0,0,0,5251.128066062927,True
394,790000,2000,0.6,3.0,0.40000000000000013,0,0,0,0,0,5263.379925966263,True
395,792000,2000,0.0,0.0,0.0,0,0,0,0,0,5276.890851974487,True
396,794000,2000,-0.2,-1.0,0.19999999999999996,0,0,0,0,0,5290.432912111282,True
397,796000,2000,0.0,0.0,0.0,0,0,0,0,0,5303.844070196152,True
398,798000,2000,0.0,0.0,0.0,0,0,0,0,0,5317.384311914444,True
399,800000,2000,0.0,0.0,0.0,0,0,0,0,0,5329.591382026672,True
400,802000,2000,0.2,1.0,0.8,0,0,0,0,0,5343.085561990738,True
401,804000,2000,0.0,0.0,0.0,0,0,0,0,0,5356.542815923691,True
402,806000,2000,0.0,0.0,0.0,0,0,0,0,0,5369.794976949692,True
403,808000,2000,0.2,1.0,0.8,0,0,0,0,0,5383.261243104935,True
404,810000,2000,0.8,4.0,0.7,0,0,0,0,0,5396.790251970291,True
405,812000,2000,2.8,14.0,0.2857142857142858,0,0,0,0,0,5409.096717119217,True
406,814000,2000,1.4,7.0,0.5714285714285714,0,0,0,0,0,5422.580874919891,True
407,816000,2000,2.4,12.0,0.30000000000000004,0,0,0,0,0,5436.167235136032,True
408,818000,2000,1.4,7.0,0.40000000000000013,0,0,0,0,0,5449.487217903137,True
409,820000,2000,0.6,3.0,0.40000000000000013,0,0,0,0,0,5462.640295982361,True
410,822000,2000,-0.2,-1.0,0.19999999999999996,0,0,0,0,0,5474.604726076126,True
411,824000,2000,0.4,2.0,0.8,0,0,0,0,0,5487.970913887024,True
412,826000,2000,0.6,3.0,0.6666666666666667,0,0,0,0,0,5501.338120937347,True
413,828000,2000,0.0,0.0,0.0,0,0,0,0,0,5514.708830833435,True
414,830000,2000,0.0,0.0,0.0,0,0,0,0,0,5528.077139854431,True
415,832000,2000,0.2,1.0,0.8,0,0,0,0,0,5540.129128932953,True
416,834000,2000,0.0,0.0,0.0,0,0,0,0,0,5553.547422885895,True
417,836000,2000,0.0,0.0,0.0,0,0,0,0,0,5567.040625810623,True
418,838000,2000,0.2,1.0,0.8,0,0,0,0,0,5580.530951976776,True
419,840000,2000,0.0,0.0,0.0,0,0,0,0,0,5594.085500955582,True
420,842000,2000,0.0,0.0,0.0,0,0,0,0,0,5607.592867136002,True
421,844000,2000,0.0,0.0,0.0,0,0,0,0,0,5619.892506122589,True
422,846000,2000,0.0,0.0,0.0,0,0,0,0,0,5633.433721065521,True
423,848000,2000,0.0,0.0,0.0,0,0,0,0,0,5647.01695895195,True
424,850000,2000,0.0,0.0,0.0,0,0,0,0,0,5660.627413034439,True
425,852000,2000,1.6,8.0,0.3500000000000001,0,0,0,0,0,5674.443139076233,True
426,854000,2000,0.0,0.0,0.0,0,0,0,0,0,5686.490994930267,True
427,856000,2000,0.0,0.0,0.0,0,0,0,0,0,5699.8728239536285,True
428,858000,2000,0.0,0.0,0.0,0,0,0,0,0,5713.37998008728,True
429,860000,2000,0.0,0.0,0.0,0,0,0,0,0,5726.585134983063,True
430,862000,2000,0.0,0.0,0.0,0,0,0,0,0,5739.864098072052,True
431,864000,2000,0.0,0.0,0.0,0,0,0,0,0,5751.560106992722,True
432,866000,2000,0.0,0.0,0.0,0,0,0,0,0,5764.717223882675,True
433,868000,2000,-0.2,-1.0,0.19999999999999996,0,0,0,0,0,5777.839781999588,True
434,870000,2000,0.0,0.0,0.0,0,0,0,0,0,5791.025842905045,True
435,872000,2000,0.4,2.0,0.8,0,0,0,0,0,5804.114815950394,True
436,874000,2000,0.6,3.0,0.6666666666666667,0,0,0,0,0,5817.291688919067,True
437,876000,2000,0.4,2.0,0.6000000000000001,0,0,0,0,0,5829.190217971802,True
438,878000,2000,4.8,24.0,0.28333333333333344,0,0,0,0,0,5842.328593015671,True
439,880000,2000,3.8,19.0,0.42105263157894735,0,0,0,0,0,5855.541745901108,True
440,882000,2000,2.0,10.0,0.40000000000000013,0,0,0,0,0,5868.680637836456,True
441,884000,2000,0.2,1.0,0.8,0,0,0,0,0,5881.834172010422,True
442,886000,2000,0.6,3.0,0.6666666666666667,0,0,0,0,0,5893.656842947006,True
443,888000,2000,0.0,0.0,0.0,0,0,0,0,0,5906.670833826065,True
444,890000,2000,0.2,1.0,0.8,0,0,0,0,0,5919.827773809433,True
445,892000,2000,0.0,0.0,0.0,0,0,0,0,0,5932.980397939682,True
446,894000,2000,0.0,0.0,0.0,0,0,0,0,0,5946.154144048691,True
447,896000,2000,0.0,0.0,0.0,0,0,0,0,0,5957.995594024658,True
448,898000,2000,0.4,2.0,0.8,0,0,0,0,0,5971.19505405426,True
449,900000,2000,1.6,8.0,0.5,0,0,0,0,0,5984.354846954346,True
450,902000,2000,0.0,0.0,0.0,0,0,0,0,0,5997.499068975449,True
451,904000,2000,0.0,0.0,0.0,0,0,0,0,0,6010.654382944107,True
452,906000,2000,0.2,1.0,0.8,0,0,0,0,0,6023.863940000534,True
453,908000,2000,0.0,0.0,0.0,0,0,0,0,0,6035.757189035416,True
454,910000,2000,0.0,0.0,0.0,0,0,0,0,0,6048.872561216354,True
455,912000,2000,0.0,0.0,0.0,0,0,0,0,0,6061.961174964905,True
456,914000,2000,0.0,0.0,0.0,0,0,0,0,0,6075.068647861481,True
457,916000,2000,0.0,0.0,0.0,0,0,0,0,0,6088.246364831924,True
458,918000,2000,0.2,1.0,0.8,0,0,0,0,0,6100.2811489105225,True
459,920000,2000,0.0,0.0,0.0,0,0,0,0,0,6113.486319065094,True
460,922000,2000,0.0,0.0,0.0,0,0,0,0,0,6126.5857191085815,True
461,924000,2000,0.0,0.0,0.0,0,0,0,0,0,6139.829257011414,True
462,926000,2000,0.4,2.0,0.6000000000000001,0,0,0,0,0,6153.014855861664,True
463,928000,2000,0.6,3.0,0.6666666666666667,0,0,0,0,0,6164.965534925461,True
464,930000,2000,-0.2,-1.0,0.19999999999999996,0,0,0,0,0,6178.21822309494,True
465,932000,2000,0.4,2.0,0.6000000000000001,0,0,0,0,0,6191.525084972382,True
466,934000,2000,0.0,0.0,0.0,0,0,0,0,0,6204.8092160224915,True
467,936000,2000,0.0,0.0,0.0,0,0,0,0,0,6217.923879861832,True
468,938000,2000,0.0,0.0,0.0,0,0,0,0,0,6231.044003009796,True
469,940000,2000,-10.2,-51.0,0.20301507537688446,0,0,0,0,0,6242.998903989792,True
470,942000,2000,0.0,0.0,0.0,0,0,0,0,0,6256.295361042023,True
471,944000,2000,0.2,1.0,0.8,0,0,0,0,0,6269.578812837601,True
472,946000,2000,2.6,13.0,0.4615384615384617,0,0,0,0,0,6282.763082027435,True
473,948000,2000,1.4,7.0,0.5714285714285714,0,0,0,0,0,6296.055583000183,True
474,950000,2000,-0.2,-1.0,0.19999999999999996,0,0,0,0,0,6307.980069160461,True
475,952000,2000,0.0,0.0,0.0,0,0,0,0,0,6321.342283964157,True
476,954000,2000,-10.2,-51.0,0.20904522613065324,0,0,0,0,0,6334.740867137909,True
477,956000,2000,0.2,1.0,0.8,0,0,0,0,0,6348.043590068817,True
478,958000,2000,0.0,0.0,0.0,0,0,0,0,0,6361.390607118607,True
479,960000,2000,0.0,0.0,0.0,0,0,0,0,0,6373.41458106041,True
480,962000,2000,0.0,0.0,0.0,0,0,0,0,0,6386.653432130814,True
481,964000,2000,0.0,0.0,0.0,0,0,0,0,0,6399.768659830093,True
482,966000,2000,0.0,0.0,0.0,0,0,0,0,0,6412.990890979767,True
483,968000,2000,0.0,0.0,0.0,0,0,0,0,0,6426.235908985138,True
484,970000,2000,-30.4,-152.0,0.28620689655172415,0,0,0,0,0,6439.491478919983,True
485,972000,2000,-30.4,-152.0,0.28850574712643673,0,0,0,0,0,6451.522073984146,True
486,974000,2000,0.0,0.0,0.0,0,0,0,0,0,6464.870097160339,True
487,976000,2000,-0.2,-1.0,0.19999999999999996,0,0,0,0,0,6478.15064907074,True
488,978000,2000,0.0,0.0,0.0,0,0,0,0,0,6491.43226480484,True
489,980000,2000,0.0,0.0,0.0,0,0,0,0,0,6504.695280075073,True
490,982000,2000,0.0,0.0,0.0,0,0,0,0,0,6516.696605920792,True
491,984000,2000,-10.2,-51.0,0.20301507537688446,0,0,0,0,0,6529.919265031815,True
492,986000,2000,0.0,0.0,0.0,0,0,0,0,0,6543.1588180065155,True
493,988000,2000,0.0,0.0,0.0,0,0,0,0,0,6556.365209102631,True
494,990000,2000,0.0,0.0,0.0,0,0,0,0,0,6569.615761756897,True
495,992000,2000,-10.2,-51.0,0.20301507537688446,0,0,0,0,0,6581.798766136169,True
496,994000,2000,-10.4,-52.0,0.20404040404040402,0,0,0,0,0,6594.953105926514,True
497,996000,2000,-30.4,-152.0,0.5864077669902914,0,0,0,0,0,6608.080472946167,True
498,998000,2000,-0.2,-1.0,0.19999999999999996,0,0,0,0,0,6621.320051908493,True
499,1000000,2000,0.0,0.0,0.0,0,0,0,0,0,6634.543892860413,True
500,1002000,2000,0.0,0.0,0.0,0,0,0,0,0,6647.722715139389,True
501,1004000,2000,0.0,0.0,0.0,0,0,0,0,0,6659.705694913864,True
502,1006000,2000,0.0,0.0,0.0,0,0,0,0,0,6672.858220100403,True
503,1008000,2000,0.0,0.0,0.0,0,0,0,0,0,6686.03967499733,True
504,1010000,2000,0.0,0.0,0.0,0,0,0,0,0,6699.397086858749,True
505,1012000,2000,0.0,0.0,0.0,0,0,0,0,0,6712.581627130508,True
506,1014000,2000,0.0,0.0,0.0,0,0,0,0,0,6724.392552852631,True
507,1016000,2000,-0.2,-1.0,0.19999999999999996,0,0,0,0,0,6737.56351685524,True
508,1018000,2000,0.0,0.0,0.0,0,0,0,0,0,6750.7136170864105,True
509,1020000,2000,0.0,0.0,0.0,0,0,0,0,0,6763.856445789337,True
510,1022000,2000,0.0,0.0,0.0,0,0,0,0,0,6776.986759901047,True
511,1024000,2000,-10.2,-51.0,0.20301507537688446,0,0,0,0,0,6788.858232975006,True
512,1026000,2000,0.0,0.0,0.0,0,0,0,0,0,6802.023326873779,True
513,1028000,2000,-0.4,-2.0,0.40000000000000013,0,0,0,0,0,6815.2768449783325,True
514,1030000,2000,0.0,0.0,0.0,0,0,0,0,0,6828.456942081451,True
515,1032000,2000,-10.2,-51.0,0.20301507537688446,0,0,0,0,0,6841.696167230606,True
516,1034000,2000,-0.2,-1.0,0.19999999999999996,0,0,0,0,0,6855.070816040039,True
517,1036000,2000,-0.4,-2.0,0.40000000000000013,0,0,0,0,0,6866.870966911316,True
518,1038000,2000,0.0,0.0,0.0,0,0,0,0,0,6879.95937204361,True
519,1040000,2000,-0.2,-1.0,0.19999999999999996,0,0,0,0,0,6893.199408054352,True
520,1042000,2000,0.0,0.0,0.0,0,0,0,0,0,6906.976188182831,True
521,1044000,2000,0.0,0.0,0.0,0,0,0,0,0,6920.716042041779,True
522,1046000,2000,0.0,0.0,0.0,0,0,0,0,0,6933.138437986374,True
523,1048000,2000,0.0,0.0,0.0,0,0,0,0,0,6947.231213092804,True
524,1050000,2000,-0.2,-1.0,0.19999999999999996,0,0,0,0,0,6960.931884050369,True
525,1052000,2000,-10.2,-51.0,0.20301507537688446,0,0,0,0,0,6975.060375928879,True
526,1054000,2000,0.0,0.0,0.0,0,0,0,0,0,6988.3029799461365,True
527,1056000,2000,0.0,0.0,0.0,0,0,0,0,0,7000.3275990486145,True
528,1058000,2000,0.0,0.0,0.0,0,0,0,0,0,7013.534047842026,True
529,1060000,2000,0.0,0.0,0.0,0,0,0,0,0,7026.695506811142,True
530,1062000,2000,0.0,0.0,0.0,0,0,0,0,0,7039.991578102112,True
531,1064000,2000,0.0,0.0,0.0,0,0,0,0,0,7053.346129179001,True
532,1066000,2000,0.0,0.0,0.0,0,0,0,0,0,7066.659846067429,True
533,1068000,2000,0.0,0.0,0.0,0,0,0,0,0,7078.709550142288,True
534,1070000,2000,0.2,1.0,0.8,0,0,0,0,0,7092.060391187668,True
535,1072000,2000,0.0,0.0,0.0,0,0,0,0,0,7105.408628940582,True
536,1074000,2000,0.0,0.0,0.0,0,0,0,0,0,7118.789873838425,True
537,1076000,2000,0.2,1.0,0.8,0,0,0,0,0,7131.82474398613,True
538,1078000,2000,0.0,0.0,0.0,0,0,0,0,0,7143.606779098511,True
539,1080000,2000,-10.2,-51.0,0.20301507537688446,0,0,0,0,0,7156.7138957977295,True
540,1082000,2000,0.0,0.0,0.0,0,0,0,0,0,7170.06400680542,True
541,1084000,2000,0.6,3.0,0.6666666666666667,0,0,0,0,0,7183.285111904144,True
542,1086000,2000,0.0,0.0,0.0,0,0,0,0,0,7196.588782072067,True
543,1088000,2000,0.0,0.0,0.0,0,0,0,0,0,7208.648876905441,True
544,1090000,2000,0.0,0.0,0.0,0,0,0,0,0,7221.997062921524,True
545,1092000,2000,0.0,0.0,0.0,0,0,0,0,0,7235.304842948914,True
546,1094000,2000,-0.2,-1.0,0.19999999999999996,0,0,0,0,0,7248.620006084442,True
547,1096000,2000,-0.2,-1.0,0.19999999999999996,0,0,0,0,0,7261.988718032837,True
548,1098000,2000,0.0,0.0,0.0,0,0,0,0,0,7275.235441207886,True
549,1100000,2000,0.0,0.0,0.0,0,0,0,0,0,7287.268891096115,True
550,1102000,2000,0.0,0.0,0.0,0,0,0,0,0,7300.57298707962,True
551,1104000,2000,0.0,0.0,0.0,0,0,0,0,0,7313.823184013367,True
552,1106000,2000,0.0,0.0,0.0,0,0,0,0,0,7326.967570781708,True
553,1108000,2000,0.0,0.0,0.0,0,0,0,0,0,7340.2963950634,True
554,1110000,2000,0.0,0.0,0.0,0,0,0,0,0,7352.379353046417,True
555,1112000,2000,0.0,0.0,0.0,0,0,0,0,0,7365.733148813248,True
556,1114000,2000,0.0,0.0,0.0,0,0,0,0,0,7379.0631449222565,True
557,1116000,2000,0.0,0.0,0.0,0,0,0,0,0,7392.438353776932,True
558,1118000,2000,0.0,0.0,0.0,0,0,0,0,0,7405.791491985321,True
559,1120000,2000,0.0,0.0,0.0,0,0,0,0,0,7417.9018201828,True
560,1122000,2000,0.0,0.0,0.0,0,0,0,0,0,7431.244979858398,True
561,1124000,2000,0.0,0.0,0.0,0,0,0,0,0,7444.516901016235,True
562,1126000,2000,0.0,0.0,0.0,0,0,0,0,0,7457.644775867462,True
563,1128000,2000,0.0,0.0,0.0,0,0,0,0,0,7470.991676092148,True
564,1130000,2000,0.0,0.0,0.0,0,0,0,0,0,7484.259323120117,True
565,1132000,2000,0.0,0.0,0.0,0,0,0,0,0,7496.144407987595,True
566,1134000,2000,0.0,0.0,0.0,0,0,0,0,0,7509.255215167999,True
567,1136000,2000,0.0,0.0,0.0,0,0,0,0,0,7522.383985042572,True
568,1138000,2000,0.0,0.0,0.0,0,0,0,0,0,7535.538588047028,True
569,1140000,2000,0.0,0.0,0.0,0,0,0,0,0,7548.855215072632,True
570,1142000,2000,0.0,0.0,0.0,0,0,0,0,0,7560.815798044205,True
571,1144000,2000,0.0,0.0,0.0,0,0,0,0,0,7574.166162967682,True
572,1146000,2000,0.0,0.0,0.0,0,0,0,0,0,7587.459639072418,True
573,1148000,2000,0.0,0.0,0.0,0,0,0,0,0,7600.895441055298,True
574,1150000,2000,0.0,0.0,0.0,0,0,0,0,0,7614.258272886276,True
575,1152000,2000,0.0,0.0,0.0,0,0,0,0,0,7626.4305720329285,True
576,1154000,2000,0.0,0.0,0.0,0,0,0,0,0,7639.798062086105,True
577,1156000,2000,0.0,0.0,0.0,0,0,0,0,0,7653.034353017807,True
578,1158000,2000,0.2,1.0,0.8,0,0,0,0,0,7666.4823570251465,True
579,1160000,2000,0.0,0.0,0.0,0,0,0,0,0,7679.825710058212,True
580,1162000,2000,0.0,0.0,0.0,0,0,0,0,0,7693.095226049423,True
581,1164000,2000,0.0,0.0,0.0,0,0,0,0,0,7705.064874887466,True
582,1166000,2000,0.2,1.0,0.8,0,0,0,0,0,7718.3536150455475,True
583,1168000,2000,0.6,3.0,0.5,0,0,0,0,0,7731.748923063278,True
584,1170000,2000,-9.8,-49.0,0.19999999999999996,0,0,0,0,0,7745.058878898621,True
585,1172000,2000,0.0,0.0,0.0,0,0,0,0,0,7758.37214589119,True
586,1174000,2000,0.0,0.0,0.0,0,0,0,0,0,7770.382803916931,True
587,1176000,2000,0.0,0.0,0.0,0,0,0,0,0,7783.992523908615,True
588,1178000,2000,0.2,1.0,0.8,0,0,0,0,0,7797.401754140854,True
589,1180000,2000,1.2,6.0,0.3333333333333335,0,0,0,0,0,7810.901332855225,True
590,1182000,2000,0.0,0.0,0.0,0,0,0,0,0,7824.202017068863,True
591,1184000,2000,0.2,1.0,0.8,0,0,0,0,0,7836.174299001694,True
592,1186000,2000,0.0,0.0,0.0,0,0,0,0,0,7849.633799791336,True
593,1188000,2000,0.6,3.0,0.40000000000000013,0,0,0,0,0,7862.755987882614,True
594,1190000,2000,0.0,0.0,0.0,0,0,0,0,0,7876.0426869392395,True
595,1192000,2000,1.0,5.0,0.56,0,0,0,0,0,7889.31148481369,True
596,1194000,2000,0.0,0.0,0.0,0,0,0,0,0,7902.624669790268,True
597,1196000,2000,0.4,2.0,0.8,0,0,0,0,0,7914.657863855362,True
598,1198000,2000,0.0,0.0,0.0,0,0,0,0,0,7928.01460814476,True
599,1200000,2000,0.0,0.0,0.0,0,0,0,0,0,7941.275601863861,True
600,1202000,2000,0.0,0.0,0.0,0,0,0,0,0,7954.519073009491,True
601,1204000,2000,0.0,0.0,0.0,0,0,0,0,0,7967.707617998123,True
602,1206000,2000,0.4,2.0,0.8,0,0,0,0,0,7979.67947101593,True
603,1208000,2000,0.0,0.0,0.0,0,0,0,0,0,7992.926607131958,True
604,1210000,2000,0.0,0.0,0.0,0,0,0,0,0,8006.146470069885,True
605,1212000,2000,0.0,0.0,0.0,0,0,0,0,0,8019.403386116028,True
606,1214000,2000,0.0,0.0,0.0,0,0,0,0,0,8032.6070828437805,True
607,1216000,2000,0.0,0.0,0.0,0,0,0,0,0,8044.88845205307,True
608,1218000,2000,0.0,0.0,0.0,0,0,0,0,0,8058.182553052902,True
609,1220000,2000,0.0,0.0,0.0,0,0,0,0,0,8071.374531984329,True
610,1222000,2000,0.0,0.0,0.0,0,0,0,0,0,8084.543921947479,True
611,1224000,2000,0.0,0.0,0.0,0,0,0,0,0,8097.892804145813,True
612,1226000,2000,-10.2,-51.0,0.20301507537688446,0,0,0,0,0,8111.24272608757,True
613,1228000,2000,-30.4,-152.0,0.28850574712643673,0,0,0,0,0,8123.320455789566,True
614,1230000,2000,-0.2,-1.0,0.19999999999999996,0,0,0,0,0,8136.380926847458,True
615,1232000,2000,-30.4,-152.0,0.5864077669902914,0,0,0,0,0,8149.598354816437,True
616,1234000,2000,0.0,0.0,0.0,0,0,0,0,0,8162.982604026794,True
617,1236000,2000,-9.8,-49.0,0.20314136125654447,0,0,0,0,0,8176.198365926743,True
618,1238000,2000,-10.4,-52.0,0.20404040404040402,0,0,0,0,0,8188.069735050201,True
619,1240000,2000,-10.2,-51.0,0.20301507537688446,0,0,0,0,0,8201.432798862457,True
620,1242000,2000,-0.2,-1.0,0.19999999999999996,0,0,0,0,0,8214.6391851902,True
621,1244000,2000,0.0,0.0,0.0,0,0,0,0,0,8227.880117893219,True
622,1246000,2000,0.2,1.0,0.8,0,0,0,0,0,8241.180521965027,True
623,1248000,2000,0.0,0.0,0.0,0,0,0,0,0,8253.151953935623,True
624,1250000,2000,0.4,2.0,0.6000000000000001,0,0,0,0,0,8266.489598989487,True
625,1252000,2000,-20.0,-100.0,0.3973333333333333,0,0,0,0,0,8279.763593912125,True
626,1254000,2000,0.0,0.0,0.0,0,0,0,0,0,8293.173252105713,True
627,1256000,2000,0.0,0.0,0.0,0,0,0,0,0,8306.477656126022,True
628,1258000,2000,-0.4,-2.0,0.40000000000000013,0,0,0,0,0,8319.750313997269,True
629,1260000,2000,0.0,0.0,0.0,0,0,0,0,0,8331.777683973312,True
630,1262000,2000,0.2,1.0,0.8,0,0,0,0,0,8345.162182092667,True
631,1264000,2000,0.6,3.0,0.6666666666666667,0,0,0,0,0,8358.444931030273,True
632,1266000,2000,0.0,0.0,0.0,0,0,0,0,0,8372.063961029053,True
633,1268000,2000,0.0,0.0,0.0,0,0,0,0,0,8385.366567134857,True
634,1270000,2000,0.4,2.0,0.6000000000000001,0,0,0,0,0,8397.44426894188,True
635,1272000,2000,0.0,0.0,0.0,0,0,0,0,0,8410.716634988785,True
636,1274000,2000,2.6,13.0,0.4615384615384617,0,0,0,0,0,8424.05585193634,True
637,1276000,2000,0.0,0.0,0.0,0,0,0,0,0,8437.340190887451,True
638,1278000,2000,0.0,0.0,0.0,0,0,0,0,0,8450.516091108322,True
639,1280000,2000,0.0,0.0,0.0,0,0,0,0,0,8462.679150104523,True
640,1282000,2000,0.6,3.0,0.40000000000000013,0,0,0,0,0,8475.974915027618,True
641,1284000,2000,1.0,5.0,0.56,0,0,0,0,0,8489.274438142776,True
642,1286000,2000,-9.0,-45.0,0.2068292682926829,0,0,0,0,0,8502.696907997131,True
643,1288000,2000,0.0,0.0,0.0,0,0,0,0,0,8516.03480386734,True
644,1290000,2000,0.0,0.0,0.0,0,0,0,0,0,8529.292715072632,True
645,1292000,2000,0.0,0.0,0.0,0,0,0,0,0,8541.500612974167,True
646,1294000,2000,0.0,0.0,0.0,0,0,0,0,0,8555.028305768967,True
647,1296000,2000,0.0,0.0,0.0,0,0,0,0,0,8568.517590045929,True
648,1298000,2000,0.0,0.0,0.0,0,0,0,0,0,8581.712765932083,True
649,1300000,2000,0.0,0.0,0.0,0,0,0,0,0,8594.94335603714,True
650,1302000,2000,0.0,0.0,0.0,0,0,0,0,0,8606.951571941376,True
651,1304000,2000,0.0,0.0,0.0,0,0,0,0,0,8620.314982175827,True
652,1306000,2000,0.0,0.0,0.0,0,0,0,0,0,8633.603363990784,True
653,1308000,2000,0.0,0.0,0.0,0,0,0,0,0,8646.883155822754,True
654,1310000,2000,0.0,0.0,0.0,0,0,0,0,0,8660.190842151642,True
655,1312000,2000,0.0,0.0,0.0,0,0,0,0,0,8672.121339082718,True
656,1314000,2000,0.0,0.0,0.0,0,0,0,0,0,8685.417050123215,True
657,1316000,2000,0.0,0.0,0.0,0,0,0,0,0,8698.651551008224,True
658,1318000,2000,0.0,0.0,0.0,0,0,0,0,0,8711.772233963013,True
659,1320000,2000,0.0,0.0,0.0,0,0,0,0,0,8725.031852006912,True
660,1322000,2000,0.0,0.0,0.0,0,0,0,0,0,8738.29747891426,True
661,1324000,2000,0.0,0.0,0.0,0,0,0,0,0,8750.148537158966,True
662,1326000,2000,0.0,0.0,0.0,0,0,0,0,0,8763.414767026901,True
663,1328000,2000,0.0,0.0,0.0,0,0,0,0,0,8776.661993980408,True
664,1330000,2000,0.0,0.0,0.0,0,0,0,0,0,8789.850147008896,True
665,1332000,2000,0.0,0.0,0.0,0,0,0,0,0,8803.072448015213,True
666,1334000,2000,0.0,0.0,0.0,0,0,0,0,0,8814.950842142105,True
667,1336000,2000,0.0,0.0,0.0,0,0,0,0,0,8828.090307950974,True
668,1338000,2000,0.0,0.0,0.0,0,0,0,0,0,8841.296928882599,True
669,1340000,2000,0.0,0.0,0.0,0,0,0,0,0,8854.58343076706,True
670,1342000,2000,0.0,0.0,0.0,0,0,0,0,0,8867.854488134384,True
671,1344000,2000,0.0,0.0,0.0,0,0,0,0,0,8879.932703018188,True
672,1346000,2000,0.0,0.0,0.0,0,0,0,0,0,8893.294646024704,True
673,1348000,2000,0.0,0.0,0.0,0,0,0,0,0,8906.696832895279,True
674,1350000,2000,0.0,0.0,0.0,0,0,0,0,0,8920.029490947723,True
675,1352000,2000,0.0,0.0,0.0,0,0,0,0,0,8933.41070508957,True
676,1354000,2000,0.0,0.0,0.0,0,0,0,0,0,8946.559396982193,True
677,1356000,2000,0.0,0.0,0.0,0,0,0,0,0,8958.477432966232,True
678,1358000,2000,0.0,0.0,0.0,0,0,0,0,0,8971.866335868835,True
679,1360000,2000,0.0,0.0,0.0,0,0,0,0,0,8985.34555888176,True
680,1362000,2000,0.0,0.0,0.0,0,0,0,0,0,8998.656024932861,True
681,1364000,2000,0.0,0.0,0.0,0,0,0,0,0,9012.08134007454,True
682,1366000,2000,0.0,0.0,0.0,0,0,0,0,0,9024.281414031982,True
683,1368000,2000,0.0,0.0,0.0,0,0,0,0,0,9037.706897974014,True
684,1370000,2000,0.0,0.0,0.0,0,0,0,0,0,9051.2240087986,True
685,1372000,2000,0.0,0.0,0.0,0,0,0,0,0,9064.738146066666,True
686,1374000,2000,0.0,0.0,0.0,0,0,0,0,0,9078.28176498413,True
687,1376000,2000,0.0,0.0,0.0,0,0,0,0,0,9090.349061012268,True
688,1378000,2000,0.2,1.0,0.8,0,0,0,0,0,9103.390624046326,True
689,1380000,2000,0.0,0.0,0.0,0,0,0,0,0,9116.626705884933,True
690,1382000,2000,0.0,0.0,0.0,0,0,0,0,0,9129.914770841599,True
691,1384000,2000,0.0,0.0,0.0,0,0,0,0,0,9143.169798135757,True
692,1386000,2000,0.0,0.0,0.0,0,0,0,0,0,9156.433145046234,True
693,1388000,2000,0.0,0.0,0.0,0,0,0,0,0,9168.632280111313,True
694,1390000,2000,0.0,0.0,0.0,0,0,0,0,0,9181.859009027481,True
695,1392000,2000,0.0,0.0,0.0,0,0,0,0,0,9195.06256198883,True
696,1394000,2000,0.0,0.0,0.0,0,0,0,0,0,9208.490481853485,True
697,1396000,2000,0.0,0.0,0.0,0,0,0,0,0,9221.991669893265,True
698,1398000,2000,0.0,0.0,0.0,0,0,0,0,0,9234.09542298317,True
699,1400000,2000,0.0,0.0,0.0,0,0,0,0,0,9247.445307016373,True
700,1402000,2000,0.0,0.0,0.0,0,0,0,0,0,9260.902018070221,True
701,1404000,2000,0.0,0.0,0.0,0,0,0,0,0,9274.445468187332,True
702,1406000,2000,0.0,0.0,0.0,0,0,0,0,0,9287.451900959015,True
703,1408000,2000,0.0,0.0,0.0,0,0,0,0,0,9299.321734189987,True
704,1410000,2000,0.0,0.0,0.0,0,0,0,0,0,9312.551275968552,True
705,1412000,2000,0.0,0.0,0.0,0,0,0,0,0,9325.856128931046,True
706,1414000,2000,0.0,0.0,0.0,0,0,0,0,0,9339.425881147385,True
707,1416000,2000,0.0,0.0,0.0,0,0,0,0,0,9352.522431850433,True
708,1418000,2000,0.0,0.0,0.0,0,0,0,0,0,9365.533644914627,True
709,1420000,2000,0.0,0.0,0.0,0,0,0,0,0,9377.636839866638,True
710,1422000,2000,0.0,0.0,0.0,0,0,0,0,0,9391.056886911392,True
711,1424000,2000,0.0,0.0,0.0,0,0,0,0,0,9404.749551057816,True
712,1426000,2000,0.0,0.0,0.0,0,0,0,0,0,9418.129628896713,True
713,1428000,2000,0.0,0.0,0.0,0,0,0,0,0,9431.522684812546,True
714,1430000,2000,0.0,0.0,0.0,0,0,0,0,0,9444.125115156174,True
715,1432000,2000,0.0,0.0,0.0,0,0,0,0,0,9457.538170099258,True
716,1434000,2000,0.0,0.0,0.0,0,0,0,0,0,9471.185456991196,True
717,1436000,2000,0.0,0.0,0.0,0,0,0,0,0,9484.789282083511,True
718,1438000,2000,0.0,0.0,0.0,0,0,0,0,0,9498.30724287033,True
719,1440000,2000,0.0,0.0,0.0,0,0,0,0,0,9510.530758142471,True
720,1442000,2000,0.0,0.0,0.0,0,0,0,0,0,9524.178751945496,True
721,1444000,2000,0.0,0.0,0.0,0,0,0,0,0,9537.803874015808,True
722,1446000,2000,0.0,0.0,0.0,0,0,0,0,0,9551.391462087631,True
723,1448000,2000,0.0,0.0,0.0,0,0,0,0,0,9565.08130979538,True
724,1450000,2000,0.0,0.0,0.0,0,0,0,0,0,9578.658754110336,True
725,1452000,2000,0.0,0.0,0.0,0,0,0,0,0,9591.015015125275,True
726,1454000,2000,0.0,0.0,0.0,0,0,0,0,0,9604.855342149734,True
727,1456000,2000,0.0,0.0,0.0,0,0,0,0,0,9618.633736848831,True
728,1458000,2000,0.0,0.0,0.0,0,0,0,0,0,9632.498023986816,True
729,1460000,2000,0.0,0.0,0.0,0,0,0,0,0,9646.3405418396,True
730,1462000,2000,0.0,0.0,0.0,0,0,0,0,0,9659.0303170681,True
731,1464000,2000,0.0,0.0,0.0,0,0,0,0,0,9672.887836933136,True
732,1466000,2000,0.0,0.0,0.0,0,0,0,0,0,9686.474972009659,True
733,1468000,2000,0.0,0.0,0.0,0,0,0,0,0,9700.064234018326,True
734,1470000,2000,0.0,0.0,0.0,0,0,0,0,0,9713.613687038422,True
735,1472000,2000,0.0,0.0,0.0,0,0,0,0,0,9725.695780038834,True
736,1474000,2000,0.0,0.0,0.0,0,0,0,0,0,9739.191920995712,True
737,1476000,2000,0.0,0.0,0.0,0,0,0,0,0,9752.577745199203,True
738,1478000,2000,0.0,0.0,0.0,0,0,0,0,0,9766.0310151577,True
739,1480000,2000,0.0,0.0,0.0,0,0,0,0,0,9779.35604095459,True
740,1482000,2000,0.0,0.0,0.0,0,0,0,0,0,9792.600347042084,True
741,1484000,2000,0.0,0.0,0.0,0,0,0,0,0,9804.579149007797,True
742,1486000,2000,0.0,0.0,0.0,0,0,0,0,0,9817.805416822433,True
743,1488000,2000,0.0,0.0,0.0,0,0,0,0,0,9830.925626039505,True
744,1490000,2000,0.0,0.0,0.0,0,0,0,0,0,9844.035730838776,True
745,1492000,2000,0.0,0.0,0.0,0,0,0,0,0,9857.19125199318,True
746,1494000,2000,0.0,0.0,0.0,0,0,0,0,0,9869.196716070175,True
747,1496000,2000,0.0,0.0,0.0,0,0,0,0,0,9882.431427001953,True
748,1498000,2000,0.0,0.0,0.0,0,0,0,0,0,9895.710210084915,True
749,1500000,2000,0.0,0.0,0.0,0,0,0,0,0,9908.948874950409,True
750,1502000,2000,0.0,0.0,0.0,0,0,0,0,0,9922.132790088654,True
751,1504000,2000,0.0,0.0,0.0,0,0,0,0,0,9934.082283973694,True
752,1506000,2000,0.0,0.0,0.0,0,0,0,0,0,9947.360047101974,True
753,1508000,2000,0.0,0.0,0.0,0,0,0,0,0,9960.834950208664,True
754,1510000,2000,0.0,0.0,0.0,0,0,0,0,0,9974.114485025406,True
755,1512000,2000,0.0,0.0,0.0,0,0,0,0,0,9987.483445882797,True
756,1514000,2000,0.0,0.0,0.0,0,0,0,0,0,10000.890077829361,True
757,1516000,2000,0.0,0.0,0.0,0,0,0,0,0,10013.088813066483,True
758,1518000,2000,0.0,0.0,0.0,0,0,0,0,0,10026.59353017807,True
759,1520000,2000,0.0,0.0,0.0,0,0,0,0,0,10040.092875957489,True
760,1522000,2000,0.0,0.0,0.0,0,0,0,0,0,10053.634888887405,True
761,1524000,2000,0.0,0.0,0.0,0,0,0,0,0,10067.046737909317,True
762,1526000,2000,0.0,0.0,0.0,0,0,0,0,0,10079.068331003189,True
763,1528000,2000,0.0,0.0,0.0,0,0,0,0,0,10092.62884402275,True
764,1530000,2000,0.0,0.0,0.0,0,0,0,0,0,10106.18300485611,True
765,1532000,2000,0.0,0.0,0.0,0,0,0,0,0,10119.79516005516,True
766,1534000,2000,0.0,0.0,0.0,0,0,0,0,0,10133.563524961472,True
767,1536000,2000,0.0,0.0,0.0,0,0,0,0,0,10145.931377887726,True
768,1538000,2000,0.0,0.0,0.0,0,0,0,0,0,10159.693135023117,True
769,1540000,2000,0.0,0.0,0.0,0,0,0,0,0,10174.304338932037,True
770,1542000,2000,0.0,0.0,0.0,0,0,0,0,0,10188.124242782593,True
771,1544000,2000,0.4,2.0,0.6000000000000001,0,0,0,0,0,10201.772023916245,True
772,1546000,2000,0.0,0.0,0.0,0,0,0,0,0,10215.634531021118,True
773,1548000,2000,-0.2,-1.0,0.19999999999999996,0,0,0,0,0,10228.118201971054,True
774,1550000,2000,-20.2,-101.0,0.40268456375838935,0,0,0,0,0,10242.059100151062,True
775,1552000,2000,-20.2,-101.0,0.40268456375838935,0,0,0,0,0,10255.089887857437,True
776,1554000,2000,0.2,1.0,0.8,0,0,0,0,0,10267.81713795662,True
777,1556000,2000,0.2,1.0,0.8,0,0,0,0,0,10281.145009756088,True
778,1558000,2000,0.0,0.0,0.0,0,0,0,0,0,10293.974745988846,True
779,1560000,2000,0.0,0.0,0.32000000000000006,0,0,0,0,0,10308.099550008774,True
780,1562000,2000,0.6,3.0,0.6666666666666667,0,0,0,0,0,10322.289261102676,True
781,1564000,2000,-18.8,-94.0,0.3867549668874173,0,0,0,0,0,10336.523921966553,True
782,1566000,2000,0.2,1.0,0.8,0,0,0,0,0,10349.814041137695,True
783,1568000,2000,0.2,1.0,0.8,0,0,0,0,0,10361.746846914291,True
784,1570000,2000,0.0,0.0,0.0,0,0,0,0,0,10374.766081094742,True
785,1572000,2000,0.4,2.0,0.6000000000000001,0,0,0,0,0,10387.821866035461,True
786,1574000,2000,2.2,11.0,0.5454545454545454,0,0,0,0,0,10400.843211889267,True
787,1576000,2000,0.6,3.0,0.40000000000000013,0,0,0,0,0,10413.866259813309,True
788,1578000,2000,0.8,4.0,0.19999999999999996,0,0,0,0,0,10427.039395093918,True
789,1580000,2000,2.0,10.0,0.16000000000000014,0,0,0,0,0,10438.733422994614,True
790,1582000,2000,0.6,3.0,0.6666666666666667,0,0,0,0,0,10451.716220855713,True
791,1584000,2000,0.2,1.0,0.8,0,0,0,0,0,10464.7613530159,True
792,1586000,2000,0.6,3.0,0.6666666666666667,0,0,0,0,0,10477.809845924377,True
793,1588000,2000,0.0,0.0,0.0,0,0,0,0,0,10490.919907093048,True
794,1590000,2000,0.2,1.0,0.8,0,0,0,0,0,10502.784981012344,True
795,1592000,2000,0.0,0.0,0.0,0,0,0,0,0,10515.977606773376,True
796,1594000,2000,0.0,0.0,0.0,0,0,0,0,0,10529.116623163223,True
797,1596000,2000,-0.2,-1.0,0.19999999999999996,0,0,0,0,0,10541.999050855637,True
798,1598000,2000,0.4,2.0,0.6000000000000001,0,0,0,0,0,10554.931922912598,True
799,1600000,2000,0.0,0.0,0.0,0,0,0,0,0,10566.67105293274,True
800,1602000,2000,0.4,2.0,0.6000000000000001,0,0,0,0,0,10579.771631002426,True
801,1604000,2000,0.4,2.0,0.6000000000000001,0,0,0,0,0,10592.920876979828,True
802,1606000,2000,0.0,0.0,0.0,0,0,0,0,0,10606.211868047714,True
803,1608000,2000,0.0,0.0,0.0,0,0,0,0,0,10619.224555015564,True
804,1610000,2000,0.0,0.0,0.0,0,0,0,0,0,10632.521990776062,True
805,1612000,2000,0.4,2.0,0.6000000000000001,0,0,0,0,0,10644.736153125763,True
806,1614000,2000,0.0,0.0,0.0,0,0,0,0,0,10659.003478050232,True
807,1616000,2000,-10.0,-50.0,0.19999999999999996,0,0,0,0,0,10673.946306943893,True
808,1618000,2000,1.0,5.0,0.56,0,0,0,0,0,10689.028012990952,True
809,1620000,2000,0.6,3.0,0.40000000000000013,0,0,0,0,0,10704.234032154083,True
810,1622000,2000,0.4,2.0,0.6000000000000001,0,0,0,0,0,10717.973599910736,True
811,1624000,2000,0.6,3.0,0.40000000000000013,0,0,0,0,0,10733.026621818542,True
812,1626000,2000,0.0,0.0,0.0,0,0,0,0,0,10748.08756184578,True
813,1628000,2000,0.0,0.0,0.0,0,0,0,0,0,10763.055031061172,True
814,1630000,2000,0.6,3.0,0.6666666666666667,0,0,0,0,0,10777.568081855774,True
815,1632000,2000,0.0,0.0,0.0,0,0,0,0,0,10790.618705034256,True
816,1634000,2000,0.0,0.0,0.0,0,0,0,0,0,10804.862279891968,True
817,1636000,2000,2.2,11.0,0.21818181818181825,0,0,0,0,0,10819.256453037262,True
818,1638000,2000,1.4,7.0,0.40000000000000013,0,0,0,0,0,10833.466172218323,True
819,1640000,2000,0.8,4.0,0.7,0,0,0,0,0,10847.819608926773,True
820,1642000,2000,2.6,13.0,0.40000000000000013,0,0,0,0,0,10861.891757965088,True
821,1644000,2000,0.6,3.0,0.40000000000000013,0,0,0,0,0,10874.569789886475,True
822,1646000,2000,2.0,10.0,0.32000000000000006,0,0,0,0,0,10888.912902832031,True
823,1648000,2000,0.4,2.0,0.6000000000000001,0,0,0,0,0,10903.381476163864,True
824,1650000,2000,1.6,8.0,0.3500000000000001,0,0,0,0,0,10917.429553985596,True
825,1652000,2000,4.8,24.0,0.2666666666666666,0,0,0,0,0,10931.766600847244,True
826,1654000,2000,0.2,1.0,0.8,0,0,0,0,0,10944.64534497261,True
827,1656000,2000,5.2,26.0,0.4307692307692308,0,0,0,0,0,10959.05652499199,True
828,1658000,2000,-9.4,-47.0,0.2068965517241379,0,0,0,0,0,10973.35964012146,True
829,1660000,2000,0.2,1.0,0.8,0,0,0,0,0,10987.819364070892,True
830,1662000,2000,2.0,10.0,0.40000000000000013,0,0,0,0,0,11002.269068956375,True
831,1664000,2000,-0.2,-1.0,0.19999999999999996,0,0,0,0,0,11015.328006029129,True
832,1666000,2000,0.4,2.0,0.8,0,0,0,0,0,11029.854750871658,True
833,1668000,2000,0.0,0.0,0.0,0,0,0,0,0,11044.446163892746,True
834,1670000,2000,3.4,17.0,0.21176470588235308,0,0,0,0,0,11058.975941181183,True
835,1672000,2000,0.0,0.0,0.0,0,0,0,0,0,11073.963975906372,True
836,1674000,2000,0.0,0.0,0.0,0,0,0,0,0,11088.153308868408,True
837,1676000,2000,4.0,20.0,0.3400000000000001,0,0,0,0,0,11101.14797091484,True
838,1678000,2000,0.2,1.0,0.8,0,0,0,0,0,11115.552242994308,True
839,1680000,2000,0.4,2.0,0.6000000000000001,0,0,0,0,0,11129.834586143494,True
840,1682000,2000,0.0,0.0,0.0,0,0,0,0,0,11144.064054012299,True
841,1684000,2000,0.2,1.0,0.8,0,0,0,0,0,11158.207847118378,True
842,1686000,2000,0.0,0.0,0.0,0,0,0,0,0,11170.951436042786,True
843,1688000,2000,0.0,0.0,0.0,0,0,0,0,0,11185.19683098793,True
844,1690000,2000,0.0,0.0,0.0,0,0,0,0,0,11199.44738817215,True
845,1692000,2000,1.6,8.0,0.15000000000000013,0,0,0,0,0,11213.863838911057,True
846,1694000,2000,1.0,5.0,0.40000000000000013,0,0,0,0,0,11228.0272397995,True
847,1696000,2000,1.4,7.0,0.40000000000000013,0,0,0,0,0,11241.0039229393,True
848,1698000,2000,0.0,0.0,0.0,0,0,0,0,0,11255.348743915558,True
849,1700000,2000,1.4,7.0,0.40000000000000013,0,0,0,0,0,11269.768942117691,True
850,1702000,2000,0.0,0.0,0.0,0,0,0,0,0,11284.124508857727,True
851,1704000,2000,1.4,7.0,0.5142857142857142,0,0,0,0,0,11298.42523598671,True
852,1706000,2000,0.6,3.0,0.6666666666666667,0,0,0,0,0,11312.672065973282,True
853,1708000,2000,2.0,10.0,0.52,0,0,0,0,0,11325.763944864273,True
854,1710000,2000,-0.2,-1.0,0.19999999999999996,0,0,0,0,0,11340.187402963638,True
855,1712000,2000,0.4,2.0,0.6000000000000001,0,0,0,0,0,11354.569411039352,True
856,1714000,2000,0.8,4.0,0.5,0,0,0,0,0,11368.91641998291,True
857,1716000,2000,0.0,0.0,0.0,0,0,0,0,0,11383.37031507492,True
858,1718000,2000,0.2,1.0,0.8,0,0,0,0,0,11396.52089381218,True
859,1720000,2000,0.2,1.0,0.8,0,0,0,0,0,11410.983847856522,True
860,1722000,2000,1.4,7.0,0.6857142857142857,0,0,0,0,0,11425.534682035446,True
861,1724000,2000,4.4,22.0,0.290909090909091,0,0,0,0,0,11440.094162940979,True
862,1726000,2000,1.2,6.0,0.40000000000000013,0,0,0,0,0,11454.405230998993,True
863,1728000,2000,1.2,6.0,0.3333333333333335,0,0,0,0,0,11467.54982304573,True
864,1730000,2000,0.0,0.0,0.0,0,0,0,0,0,11481.967644929886,True
865,1732000,2000,1.6,8.0,0.25,0,0,0,0,0,11496.241916894913,True
866,1734000,2000,0.6,3.0,0.6666666666666667,0,0,0,0,0,11510.511015176773,True
867,1736000,2000,2.8,14.0,0.6000000000000001,0,0,0,0,0,11524.98523902893,True
868,1738000,2000,0.4,2.0,0.6000000000000001,0,0,0,0,0,11539.303847074509,True
869,1740000,2000,1.4,7.0,0.5142857142857142,0,0,0,0,0,11552.331197977066,True
870,1742000,2000,0.0,0.0,0.0,0,0,0,0,0,11566.852876901627,True
871,1744000,2000,2.0,10.0,0.32000000000000006,0,0,0,0,0,11581.108340978622,True
872,1746000,2000,0.0,0.0,0.0,0,0,0,0,0,11595.608365058899,True
873,1748000,2000,0.0,0.0,0.0,0,0,0,0,0,11610.21571302414,True
874,1750000,2000,0.0,0.0,0.0,0,0,0,0,0,11623.205426931381,True
875,1752000,2000,0.8,4.0,0.6000000000000001,0,0,0,0,0,11637.483841896057,True
876,1754000,2000,0.0,0.0,0.0,0,0,0,0,0,11651.843461990356,True
877,1756000,2000,0.0,0.0,0.0,0,0,0,0,0,11666.214939117432,True
878,1758000,2000,-0.2,-1.0,0.19999999999999996,0,0,0,0,0,11680.69394493103,True
879,1760000,2000,2.0,10.0,0.48,0,0,0,0,0,11693.799999952316,True
880,1762000,2000,0.2,1.0,0.8,0,0,0,0,0,11708.20209312439,True
881,1764000,2000,0.0,0.0,0.0,0,0,0,0,0,11722.57082104683,True
882,1766000,2000,0.2,1.0,0.8,0,0,0,0,0,11736.964391231537,True
883,1768000,2000,0.0,0.0,0.0,0,0,0,0,0,11751.23520207405,True
884,1770000,2000,1.6,8.0,0.15000000000000013,0,0,0,0,0,11765.644994020462,True
885,1772000,2000,2.2,11.0,0.4363636363636365,0,0,0,0,0,11778.391551017761,True
886,1774000,2000,1.8,9.0,0.6222222222222222,0,0,0,0,0,11792.684084892273,True
887,1776000,2000,2.4,12.0,0.40000000000000013,0,0,0,0,0,11807.018121957779,True
888,1778000,2000,0.4,2.0,0.6000000000000001,0,0,0,0,0,11821.391853094101,True
889,1780000,2000,5.0,25.0,0.48,0,0,0,0,0,11835.809063196182,True
890,1782000,2000,0.6,3.0,0.40000000000000013,0,0,0,0,0,11848.679764032364,True
891,1784000,2000,-0.2,-1.0,0.19999999999999996,0,0,0,0,0,11863.003968954086,True
892,1786000,2000,2.4,12.0,0.43333333333333335,0,0,0,0,0,11877.241761922836,True
893,1788000,2000,0.4,2.0,0.6000000000000001,0,0,0,0,0,11891.663972139359,True
894,1790000,2000,0.0,0.0,0.0,0,0,0,0,0,11905.961469888687,True
895,1792000,2000,3.0,15.0,0.45333333333333337,0,0,0,0,0,11918.59391093254,True
896,1794000,2000,0.0,0.0,0.0,0,0,0,0,0,11932.572088003159,True
897,1796000,2000,0.0,0.0,0.0,0,0,0,0,0,11946.51407790184,True
898,1798000,2000,0.0,0.0,0.0,0,0,0,0,0,11960.434935092926,True
899,1800000,2000,0.0,0.0,0.0,0,0,0,0,0,11975.24886918068,True
900,1802000,2000,0.0,0.0,0.0,0,0,0,0,0,11989.713436841965,True
901,1804000,2000,0.2,1.0,0.8,0,0,0,0,0,12002.367687940598,True
902,1806000,2000,-14.8,-74.0,0.41324503311258276,0,0,0,0,0,12016.375638008118,True
903,1808000,2000,0.4,2.0,0.6000000000000001,0,0,0,0,0,12030.356930971146,True
904,1810000,2000,2.4,12.0,0.40000000000000013,0,0,0,0,0,12045.405521154404,True
905,1812000,2000,0.0,0.0,0.0,0,0,0,0,0,12059.24456691742,True
906,1814000,2000,0.0,0.0,0.0,0,0,0,0,0,12071.776021957397,True
907,1816000,2000,0.0,0.0,0.0,0,0,0,0,0,12085.53832602501,True
908,1818000,2000,0.0,0.0,0.0,0,0,0,0,0,12099.365245819092,True
909,1820000,2000,0.0,0.0,0.0,0,0,0,0,0,12113.27883386612,True
910,1822000,2000,0.4,2.0,0.6000000000000001,0,0,0,0,0,12127.379508018494,True
911,1824000,2000,0.0,0.0,0.0,0,0,0,0,0,12140.125105142593,True
912,1826000,2000,0.0,0.0,0.0,0,0,0,0,0,12153.959307909012,True
913,1828000,2000,0.0,0.0,0.0,0,0,0,0,0,12167.859812021255,True
914,1830000,2000,0.0,0.0,0.0,0,0,0,0,0,12181.90951013565,True
915,1832000,2000,0.0,0.0,0.0,0,0,0,0,0,12195.498188018799,True
916,1834000,2000,0.0,0.0,0.0,0,0,0,0,0,12209.41084098816,True
917,1836000,2000,0.0,0.0,0.0,0,0,0,0,0,12221.88752412796,True
918,1838000,2000,0.0,0.0,0.0,0,0,0,0,0,12235.608851909637,True
919,1840000,2000,0.0,0.0,0.0,0,0,0,0,0,12249.527019023895,True
920,1842000,2000,0.0,0.0,0.0,0,0,0,0,0,12263.44365310669,True
921,1844000,2000,-10.2,-51.0,0.20301507537688446,0,0,0,0,0,12277.362022161484,True
922,1846000,2000,-20.2,-101.0,0.40268456375838935,0,0,0,0,0,12289.990180969238,True
923,1848000,2000,-41.2,-206.0,0.33009708737864085,0,0,0,0,0,12303.891381978989,True
924,1850000,2000,-0.2,-1.0,0.19999999999999996,0,0,0,0,0,12317.92404294014,True
925,1852000,2000,-0.6,-3.0,0.2857142857142858,0,0,0,0,0,12331.905575990677,True
926,1854000,2000,0.0,0.0,0.0,0,0,0,0,0,12345.807321071625,True
927,1856000,2000,0.0,0.0,0.0,0,0,0,0,0,12358.39234995842,True
928,1858000,2000,0.0,0.0,0.0,0,0,0,0,0,12372.449410915375,True
929,1860000,2000,0.0,0.0,0.0,0,0,0,0,0,12386.510114908218,True
930,1862000,2000,0.0,0.0,0.32000000000000006,0,0,0,0,0,12400.558006048203,True
931,1864000,2000,0.2,1.0,0.8,0,0,0,0,0,12414.701478004456,True
932,1866000,2000,0.0,0.0,0.0,0,0,0,0,0,12428.891860961914,True
933,1868000,2000,0.0,0.0,0.0,0,0,0,0,0,12441.753671884537,True
934,1870000,2000,0.2,1.0,0.8,0,0,0,0,0,12455.961094856262,True
935,1872000,2000,0.0,0.0,0.0,0,0,0,0,0,12470.192533016205,True
936,1874000,2000,0.0,0.0,0.0,0,0,0,0,0,12484.342525959015,True
937,1876000,2000,0.0,0.0,0.0,0,0,0,0,0,12498.468516111374,True
938,1878000,2000,0.4,2.0,0.8,0,0,0,0,0,12511.41449213028,True
939,1880000,2000,0.0,0.0,0.0,0,0,0,0,0,12525.733968019485,True
940,1882000,2000,0.8,4.0,0.6000000000000001,0,0,0,0,0,12539.85836315155,True
941,1884000,2000,0.2,1.0,0.8,0,0,0,0,0,12554.026001930237,True
942,1886000,2000,0.2,1.0,0.8,0,0,0,0,0,12568.054375171661,True
943,1888000,2000,0.0,0.0,0.0,0,0,0,0,0,12580.980345964432,True
944,1890000,2000,0.4,2.0,0.6000000000000001,0,0,0,0,0,12595.230964899063,True
945,1892000,2000,0.0,0.0,0.0,0,0,0,0,0,12609.407830953598,True
946,1894000,2000,0.2,1.0,0.8,0,0,0,0,0,12623.56809592247,True
947,1896000,2000,0.0,0.0,0.0,0,0,0,0,0,12637.7389190197,True
948,1898000,2000,0.0,0.0,0.0,0,0,0,0,0,12651.966622829437,True
949,1900000,2000,0.0,0.0,0.0,0,0,0,0,0,12664.869448900223,True
950,1902000,2000,0.2,1.0,0.8,0,0,0,0,0,12679.07684803009,True
951,1904000,2000,0.0,0.0,0.0,0,0,0,0,0,12693.271393060684,True
952,1906000,2000,0.0,0.0,0.0,0,0,0,0,0,12707.622854948044,True
953,1908000,2000,0.0,0.0,0.0,0,0,0,0,0,12721.912826061249,True
954,1910000,2000,0.0,0.0,0.0,0,0,0,0,0,12734.902497053146,True
955,1912000,2000,0.2,1.0,0.8,0,0,0,0,0,12749.313956975937,True
956,1914000,2000,0.0,0.0,0.0,0,0,0,0,0,12763.712378025055,True
957,1916000,2000,0.0,0.0,0.0,0,0,0,0,0,12778.033288002014,True
958,1918000,2000,0.2,1.0,0.8,0,0,0,0,0,12792.108572006226,True
959,1920000,2000,0.0,0.0,0.0,0,0,0,0,0,12804.987473011017,True
960,1922000,2000,0.0,0.0,0.0,0,0,0,0,0,12819.161316156387,True
961,1924000,2000,0.0,0.0,0.0,0,0,0,0,0,12833.318054199219,True
962,1926000,2000,0.0,0.0,0.0,0,0,0,0,0,12847.511004924774,True
963,1928000,2000,0.0,0.0,0.0,0,0,0,0,0,12861.606117010117,True
964,1930000,2000,0.0,0.0,0.0,0,0,0,0,0,12876.472091197968,True
965,1932000,2000,0.0,0.0,0.0,0,0,0,0,0,12889.121511220932,True
966,1934000,2000,0.0,0.0,0.0,0,0,0,0,0,12903.207185983658,True
967,1936000,2000,0.0,0.0,0.0,0,0,0,0,0,12917.236156225204,True
968,1938000,2000,0.0,0.0,0.0,0,0,0,0,0,12931.336427927017,True
969,1940000,2000,0.0,0.0,0.0,0,0,0,0,0,12945.429608821869,True
970,1942000,2000,0.2,1.0,0.8,0,0,0,0,0,12958.57043504715,True
971,1944000,2000,0.0,0.0,0.0,0,0,0,0,0,12972.711074113846,True
972,1946000,2000,0.0,0.0,0.0,0,0,0,0,0,12986.547034978867,True
973,1948000,2000,0.0,0.0,0.0,0,0,0,0,0,13000.367192029953,True
974,1950000,2000,0.0,0.0,0.0,0,0,0,0,0,13014.184243917465,True
975,1952000,2000,0.0,0.0,0.0,0,0,0,0,0,13026.723204135895,True
976,1954000,2000,-10.2,-51.0,0.20301507537688446,0,0,0,0,0,13040.551733016968,True
977,1956000,2000,0.0,0.0,0.0,0,0,0,0,0,13054.47191286087,True
978,1958000,2000,0.0,0.0,0.0,0,0,0,0,0,13068.37344789505,True
979,1960000,2000,-0.2,-1.0,0.19999999999999996,0,0,0,0,0,13082.170711994171,True
980,1962000,2000,0.6,3.0,0.6666666666666667,0,0,0,0,0,13096.15149307251,True
981,1964000,2000,0.2,1.0,0.8,0,0,0,0,0,13108.657898902893,True
982,1966000,2000,0.0,0.0,0.0,0,0,0,0,0,13122.527383089066,True
983,1968000,2000,0.4,2.0,0.6000000000000001,0,0,0,0,0,13136.367157936096,True
984,1970000,2000,1.0,5.0,0.48,0,0,0,0,0,13150.306074142456,True
985,1972000,2000,0.4,2.0,0.8,0,0,0,0,0,13164.11963891983,True
986,1974000,2000,1.0,5.0,0.6400000000000001,0,0,0,0,0,13176.83314204216,True
987,1976000,2000,0.4,2.0,0.8,0,0,0,0,0,13190.753401994705,True
988,1978000,2000,0.4,2.0,0.6000000000000001,0,0,0,0,0,13204.664760112762,True
989,1980000,2000,1.4,7.0,0.7428571428571429,0,0,0,0,0,13218.588091135025,True
990,1982000,2000,1.2,6.0,0.3333333333333335,0,0,0,0,0,13232.50086903572,True
991,1984000,2000,0.0,0.0,0.0,0,0,0,0,0,13245.038997888565,True
992,1986000,2000,0.0,0.0,0.0,0,0,0,0,0,13258.973086833954,True
993,1988000,2000,-10.4,-52.0,0.20404040404040402,0,0,0,0,0,13272.973703861237,True
994,1990000,2000,0.2,1.0,0.36363636363636376,0,0,0,0,0,13287.025635957718,True
995,1992000,2000,-0.4,-2.0,0.40000000000000013,0,0,0,0,0,13301.004906892776,True
996,1994000,2000,0.0,0.0,0.0,0,0,0,0,0,13314.951012134552,True
997,1996000,2000,0.0,0.0,0.0,0,0,0,0,0,13327.67420887947,True
998,1998000,2000,0.0,0.0,0.0,0,0,0,0,0,13341.486349105835,True
999,2000000,2000,0.6,3.0,0.6666666666666667,0,0,0,0,0,13355.37085199356,True
